{"name":"Log in system","testSteps":[{"number":1,"description":"Given application login page","duration":8160,"startTime":1445955320643,"screenshots":[{"screenshot":"5479384d3b95cb1937fadb27766c8373_NONE.png"}],"result":"SUCCESS","children":[{"number":2,"description":"Open loginpage","duration":7963,"startTime":1445955320778,"screenshots":[{"screenshot":"5479384d3b95cb1937fadb27766c8373_NONE.png"}],"result":"SUCCESS","firstScreenshot":{"screenshot":"5479384d3b95cb1937fadb27766c8373_NONE.png"}}],"firstScreenshot":{"screenshot":"5479384d3b95cb1937fadb27766c8373_NONE.png"}},{"number":3,"description":"When press sign in button","duration":4749,"startTime":1445955328803,"screenshots":[{"screenshot":"4a0c0cd65415c136625155a771a3b899_NONE.png"}],"result":"SUCCESS","children":[{"number":4,"description":"Fill in username","duration":1189,"startTime":1445955328865,"screenshots":[{"screenshot":"cf5fc9d6c96363b4a6528c90697033f2_NONE.png"}],"result":"SUCCESS","firstScreenshot":{"screenshot":"cf5fc9d6c96363b4a6528c90697033f2_NONE.png"}},{"number":5,"description":"Fill in password","duration":292,"startTime":1445955330055,"screenshots":[{"screenshot":"25cab73df3e23526540e46a2f468cc14_NONE.png"},{"screenshot":"8eb89a987af39ae3751e78e7692e7817_NONE.png"}],"result":"SUCCESS","firstScreenshot":{"screenshot":"25cab73df3e23526540e46a2f468cc14_NONE.png"}},{"number":6,"description":"Press sign in button","duration":2974,"startTime":1445955330349,"screenshots":[{"screenshot":"7c51707880e1a2c83cd0165c8862ade0_NONE.png"},{"screenshot":"9f75ed5cef8a220c891a1409b4c790c6_NONE.png"}],"result":"SUCCESS","firstScreenshot":{"screenshot":"7c51707880e1a2c83cd0165c8862ade0_NONE.png"}}],"firstScreenshot":{"screenshot":"4a0c0cd65415c136625155a771a3b899_NONE.png"}},{"number":7,"description":"Then verify if user get into system","duration":11746,"startTime":1445955333552,"screenshots":[{"screenshot":"59658f30f61d3bf841e2503416ced9a7_NONE.png"}],"result":"SUCCESS","children":[{"number":8,"description":"Assert logged in","duration":629,"startTime":1445955333734,"screenshots":[{"screenshot":"50a3bafdef915599dc1050e43ec466be_NONE.png"},{"screenshot":"b79c0fb5d93b800dfff97c6971899654_NONE.png"}],"result":"SUCCESS","firstScreenshot":{"screenshot":"50a3bafdef915599dc1050e43ec466be_NONE.png"}},{"number":9,"description":"Select zone","duration":10821,"startTime":1445955334365,"screenshots":[{"screenshot":"ea44533307b9c97e6264a2ad7891958a_NONE.png"},{"screenshot":"450ce1a79e89bf0460efbc7edc1c7b93_NONE.png"}],"result":"SUCCESS","firstScreenshot":{"screenshot":"ea44533307b9c97e6264a2ad7891958a_NONE.png"}}],"firstScreenshot":{"screenshot":"59658f30f61d3bf841e2503416ced9a7_NONE.png"}}],"userStory":{"id":"TestStory","storyName":"Test story","path":"Thucidies/stories/consult_dictionary/TestStory.story","narrative":"As a user\nI want to perform login action\nSo that I can enter to my application","type":"story"},"title":"Log in system","tags":[{"name":"Test story","type":"story"},{"name":"Consult dictionary/Test story","type":"story"}],"startTime":1445955320596,"duration":24711,"manual":false,"result":"SUCCESS"}